{
  "f1_best": 0.9919682118207583,
  "roc_auc": 0.8754103146784725,
  "pr_auc": 0.9974446127315,
  "confusion_matrix": [
    [
      80,
      767
    ],
    [
      86,
      52675
    ]
  ],
  "pos_rate_test": 0.9842001193851664,
  "pred_rate_test": 0.9969034472466796,
  "n_train": 218698,
  "n_test": 53608,
  "n_features_input": 29,
  "model_name": "LogisticRegression(class_weight=balanced)"
}